"Avec les ptits futés !","Découvres les animaux de la ferme en t'amusant !","","",""
"Quel animal a des ailes ?","La poule","Le chien","La chèvre","Bien que les poules aient des ailes, elles ne peuvent pas voler très haut ou très loin."
"Quel animal a des cornes ?","Le bœuf","Le chien","Le lapin","Les bœufs sont souvent représentés avec des cornes impressionnantes qui les aident à se défendre."
"Quel animal a des oreilles très longues ?","L'âne","Le chien","Le mouton","Les longues oreilles de l'âne l'aident à capter les sons de loin, un avantage pour la surveillance."
"Comment appelle-t-on la femelle du cheval ?","La jument","La truie","La chèvre","La jument peut porter un poulain pendant environ 11 mois."
"Quel animal a des sabots ?","Le cheval","Le furet","La poule","Les sabots du cheval sont cruciaux pour sa capacité à courir et à travailler sur différents terrains."
"Quel animal a des onglons ?","La chèvre","Le cheval","Le taureau","Les chèvres et les moutons possèdent des onglons dont la corne pousse en permanence. L'onglon est l'étui corné protecteur et amortisseur qui recouvre leurs pieds."
"Comment appelle-t-on le bébé de la jument ?","Le poulain","Le chaton","Le petit","Le poulain peut se tenir debout et marcher peu après sa naissance."
"Quel animal a la meilleure vue nocturne ?","Le chat","La vache","Le chien","Les chats ont une excellente vision nocturne, ce qui les aide à voir dans l'obscurité la nuit."
"Quel animal a un bec mais ne vole pas ?","Le dindon","Le chat","Le lapin","Bien que le dindon ait des ailes et un bec, il est principalement un oiseau terrestre."
"Quel animal a une crinière ?","Le cheval","La chèvre","La poule","La crinière est les longs poils qui poussent sur le cou de certains animaux comme le cheval."
"Comment appelle-t-on le mâle de la poule ?","Le coq","Le canard","Le cheval","Le coq protège les poules et chante le matin."
"Quel animal a une queue en tire-bouchon ?","Le cochon","Le chat","Le mouton","La queue en tire-bouchon du cochon est l'une de ses caractéristiques les plus distinctives."
"Quel animal aime jouer dans l'eau tout le temps ?","Le canard","Le chat","Le chien","Les canards adorent l'eau et passent beaucoup de temps à nager."
"Quel animal aime manger les restes de légumes ?","Le cochon","Le chat","Le chien","Les cochons sont connus pour manger presque n'importe quoi, y compris les restes de légumes."
"Comment appelle-t-on la femelle du canard ?","La cane","La poule","La chèvre","La cane peut pondre des œufs que l'on peut manger."
"Quel animal aime se baigner dans la boue pour se refroidir ?","Le cochon","Le chien","Le chat","Se baigner dans la boue aide le cochon à rester au frais et à se protéger des parasites."
"Quel animal aime se percher en hauteur la nuit ?","La poule","Le chien","Le lapin","Les poules aiment se percher en hauteur pour dormir la nuit, ce qui les protège des prédateurs."
"Quel animal aime se rouler dans la boue ?","Le cochon","Le chien","Le cheval","Se rouler dans la boue aide le cochon à se refroidir car il ne transpire pas comme les humains."
"Comment appelle-t-on le bébé du canard ?","Le caneton","Le poulain","Le chaton","Le caneton est capable de nager dès son premier jour."
"Quel animal donne de la laine ?","Le mouton","Le chien","La poule","La laine du mouton est utilisée pour faire des vêtements chauds."
"Quel animal nettoie les champs des insectes ?","Les poules","Le chat","Le cheval","Les poules picorent le sol à la recherche d'insectes, aidant à contrôler les parasites."
"Comment appelle-t-on la femelle du mouton ?","La brebis","La poule","La jument","La brebis peut avoir 1 à 3 agneaux à la fois."
"Quel animal donne du lait pour être bu ou produire du fromage ?","La chèvre","Le lapin","Le pigeon","Le fromage de chèvre est très apprécié pour sa texture et son goût unique."
"Quel animal est célèbre pour ses courses rapides et ses longues oreilles ?","Le lapin","La chèvre","La vache","Les lapins de course peuvent se déplacer très rapidement grâce à leurs puissantes pattes arrière."
"Comment appelle-t-on le bébé de la brebis ?","L'agneau","Le veau","Le poussin","L'agneau commence à brouter quelques jours après sa naissance."
"Quel animal produit de la cire ?","Les abeilles","Les frolons","Les papillons","En plus du miel, les abeilles produisent de la cire, utilisée dans de nombreux produits comme les bougies et les cosmétiques."
"Quel animal est connu pour ""bêler"" ?","Le mouton","Le cochon","Le lapin","Le ""bêlement"" est le son caractéristique que fait le mouton."
"Comment appelle-t-on le mâle de la chèvre ?","Le bouc","Le coq","Le cheval","Le bouc peut être reconnu par sa barbiche sous le menton, à ses cornes incurvées."
"Quel animal est connu pour ""caqueter"" quand il est content ?","La poule","Le chien","Le chat","Les poules caquettent souvent pour communiquer entre elles, surtout lorsqu'elles trouvent de la nourriture."
"Quel animal est connu pour ""ronronner"" comme un chat quand il est content ?","Le pigeon","Le chien","La chèvre","Certains pigeons font un bruit qui ressemble à un ronronnement lorsqu'ils sont satisfaits."
"Quel animal est connu pour sa capacité à escalader même les endroits les plus raides ?","La chèvre","La poule","Le cochon","Les chèvres de montagne sont excellents pour grimper sur des terrains raides et rocheux."
"Quel animal est connu pour sa rapidité à digérer sa nourriture ?","Le cochon","La poule","Le chien","Les cochons ont un système digestif très efficace, capable de transformer rapidement les aliments en énergie."
"Comment appelle-t-on la femelle du cochon ?","La truie","La cane","La poule","La truie peut avoir jusqu'à 14 porcelets en une seule portée."
"Quel animal est connu pour sauter haut ?","Le lapin","La poule","Le pigeon","Les lapins peuvent faire des bonds impressionnants, surtout quand ils sont jeunes."
"Quel animal est connu pour sauter par-dessus des clôtures ?","Le cheval","La chèvre","Le lapin","Les chevaux sont souvent entraînés pour sauter des obstacles, y compris des clôtures lors des compétitions."
"Quel animal est connu pour son endurance et sa force ?","Le cheval","Le chien","La brebis","Les chevaux de trait sont utilisés pour leur force et leur endurance dans les travaux agricoles lourds."
"Quel animal est connu pour tirer la charrue ?","Le bœuf","La chèvre","Le cochon","Le bœuf est très fort et aide les fermiers dans les champs."
"Comment appelle-t-on le bébé du cochon ?","Le porcelet","Le poussin","Le veau","Le porcelet commence à manger de la nourriture solide à 2 semaines."
"Quel animal est élevé pour sa capacité à produire des œufs jumeaux ?","La poule","Le canard","Le pigeon","Certaines races de poules sont plus susceptibles de produire des œufs jumeaux, ce qui est un trait génétique rare."
"Quel animal est le meilleur pour nettoyer les herbes hautes ?","La chèvre","Le lapin","Le cochon","Les chèvres sont très efficaces pour brouter et peuvent nettoyer des zones envahies par les herbes hautes."
"Quel animal est le plus apte à grimper sur des surfaces verticales ?","La chèvre","Le chien","Le lapin","Les chèvres naines sont très agiles et peuvent grimper sur des surfaces presque verticales."
"Comment appelle-t-on la femelle de l'âne ?","L'ânesse","La jument","La chèvre","L'ânesse peut porter un ânon pendant environ 12 mois."
"Quel animal est le plus calme et le moins bruyant ?","Le lapin","Le coq","Le chien","Les lapins sont parmi les animaux de ferme les plus calmes, faisant très peu de bruit."
"Quel animal est le plus petit ?","Le lapin","Le mouton","La chèvre","Les lapins peuvent être élevés pour leur fourrure ou comme animaux de compagnie."
"Quel animal est le plus rapide ?","Le cheval","La chèvre","Le taureau","Les chevaux sont connus pour leur vitesse, ce qui les rend populaires dans les courses."
"Quel animal est réputé pour son miel ?","Les abeilles","Les papillons","Les guèpes","Les abeilles produisent du miel, mais elles jouent aussi un rôle crucial dans la pollinisation des plantes."
"Quel animal est élevé pour sa viande ?","Le cochon","Le chat","Le pigeon","Le cochon est une source importante de viande dans de nombreuses cultures à travers le monde."
"Quel animal est utilisé pour récupérer les truffes ?","Le cochon","Le chien","Le mouton","Les cochons truffiers ont un odorat puissant, idéal pour trouver des truffes sous terre."
"Quel animal est élevé pour sa viande et sa fourrure ?","Le lapin","Le pigeon","Le canard","Les lapins sont souvent élevés pour leur viande tendre et leur fourrure douce."
"Quel animal fait ""groin-groin"" ?","Le cochon","Le mouton","Le chien","Les cochons sont souvent élevés pour leur viande."
"Quel animal brait ?","L'âne","Le chien","Le pigeon","Quand l'âne fait ""hi-han"", on dit qu'il brait."
"Quel animal meugle ?","La vache","Le mouton","Le cochon","La vache meugle."
"Quel animal fait du lait que nous buvons ?","La vache","Le lapin","Le chat","Le lait de vache est une source importante de calcium pour les enfants et les adultes."
"Comment appelle-t-on le bébé de l'ânesse ?","L'ânon","Le poulain","Le chaton","L'ânon peut marcher peu après sa naissance."
"Quel animal fait le plus de bruit ?","Le coq","Le lapin","Le mouton","Le chant du coq tôt le matin est l'un des sons les plus caractéristiques de la ferme."
"Quel animal fait le plus gros œufs ?","L'oie","La poule","Le canard","Les œufs d'oie sont beaucoup plus gros que ceux d'autres oiseaux couramment élevés à la ferme."
"Quel animal mange de l'herbe ?","La vache","Le chat","Le pigeon","Les vaches passent beaucoup de temps à brouter de l'herbe pour se nourrir."
"Comment appelle-t-on le mâle de la vache ?","Le taureau","Le cheval","Le bouc","Le taureau est souvent utilisé pour la reproduction à la ferme."
"Quel animal mange des carottes ?","Le lapin","Le cheval","La vache","Les lapins adorent les légumes frais comme les carottes."
"Quel animal miaule et chasse les souris ?","Le chat","La poule","Le lapin","Le chat est un chasseur de souris efficace, aidant à maintenir leur population à un niveau bas à la ferme."
"Quel animal peut aussi aider à produire du fromage ?","La chèvre","Le furet","Le lapin","Le lait de chèvre est utilisé pour fabriquer divers types de fromages appréciés pour leur saveur."
"Comment appelle-t-on le bébé de l'abeille ?","La larve","Le poussin","Le lapereau","La larve se développe dans la ruche avant de devenir une abeille adulte."
"Quel animal peut aussi être utilisé pour la chasse ?","Le chien","Le taureau","La poule","Les chiens de ferme sont souvent utilisés pour aider lors des chasses, en particulier pour retrouver le gibier."
"Quel animal peut donner du lait à part la vache ?","La chèvre","Le cheval","Le lapin","Le lait de chèvre est aussi bu et utilisé pour faire des fromages."
"Quel animal peut être élevé pour la beauté de son plumage ?","Le paon","La poule","L'oie","Le paon est célèbre pour son plumage coloré et spectaculaire, surtout lorsqu'il fait la roue."
"Quel animal peut être élevé pour son duvet ?","L'oie","La poule","Le pigeon","Le duvet d'oie est très prisé pour la fabrication de couettes et d'oreillers de haute qualité."
"Quel animal peut être têtu mais utile pour porter des charges ?","L'âne","Le chèvre","Le cochon","L'âne est réputé pour sa ténacité et sa capacité à transporter des charges, malgré son tempérament parfois têtu."
"Comment appelle-t-on la femelle du lapin ?","La lapine","La poule","La chèvre","La lapine peut avoir plusieurs portées de lapereaux par an."
"Quel animal peut être utilisé pour aider à guider les autres animaux ?","Le chien","Le chat","Le bouc","Les chiens de berger sont entraînés pour aider à guider et à protéger les autres animaux de la ferme."
"Quel animal peut grimper aux arbres ?","Le chat","La chèvre","Le mouton","Les chats sont très agiles et peuvent grimper aux arbres facilement."
"Quel animal peut grimper et aussi faire beaucoup de bruit ?","Le paon","Le mouton","Le chat","Le paon est célèbre pour ses cris forts et son plumage magnifique qu'il déploie pour impressionner."
"Comment appelle-t-on le bébé du lapin ?","Le lapereau","Le poussin","Le chaton","Le lapereau est très doux et peut être élevé comme animal de compagnie."
"Quel animal peut hennir ?","Le cheval","Le mouton","Le cochon","Le hennissement est le cri du cheval, souvent entendu quand il est excité ou appelé."
"Quel animal peut manger des herbes et aussi des arbustes ?","La chèvre","Le mouton","Le lapin","Les chèvres peuvent manger diverses plantes, y compris des arbustes, ce qui les aide à survivre dans des environnements arides."
"Quel animal peut pondre des œufs bleus ou verts ?","La poule","L'oie","Le pigeon","La poule Araucana est connue pour ses œufs aux couleurs inhabituelles."
"Quel animal peut porter des personnes ou des charges ?","L'âne","Le chien","La brebis","L'âne est souvent utilisé pour le transport de charges ou de personnes, surtout dans les terrains difficiles."
"Quel animal peut tourner ses oreilles dans presque toutes les directions ?","Le lapin","Le chien","La poule","Les lapins ont des oreilles très mobiles qui leur permettent de capter des sons de différentes directions."
"Quel animal peut utiliser sa queue pour communiquer ?","Le cheval","Le chien","Le chat","Les chevaux utilisent leur queue pour signaler leur humeur et communiquer avec d'autres chevaux."
"Quel animal peut vivre le plus longtemps ?","Le cheval","Le lapin","Le chien","Certains chevaux peuvent vivre jusqu'à 30 ans ou plus, ce qui en fait les animaux de longue durée à la ferme."
"Quel animal peut-on monter ?","Le cheval","Le cochon","La chèvre","Les chevaux sont souvent utilisés pour des promenades ou le travail agricole."
"Quel animal protège les troupeaux et n'est pas un chien ?","L'alpaga","Le cochon","Le mouton","Les alpagas mâles peuvent être utilisé pour protéger les moutons des prédateurs naturels comme les renards ou les rapaces."
"Quel animal utilise une cloche ?","La vache","Le mouton","Le canard","Les fermiers mettent souvent des cloches aux vaches pour les localiser facilement."
"Quel animal a les dents de devant très prononcées ?","Le lapin","Le chèvre","Le cheval","Les lapins ont de grandes dents de devant qui continuent de pousser toute leur vie."
"Quel animal a les oreilles pendantes et aime jouer dans la boue ?","Le cochon","Le cheval","La dinde","Les cochons laineux ont des oreilles pendantes et leur peau bénéficie de la boue qui les protège du soleil et des insectes."
"Comment appelle-t-on le mâle de la jument ?","Le cheval","Le mouton","Le cochon","Le cheval peut courir très vite et est utilisé pour le transport."
"Quel animal a une longue queue touffue ?","Le cheval","Le lapin","Le cochon","La queue touffue du cheval lui sert à chasser les mouches et autres insectes dérangeants."
"Quel animal donne du lait pour produire de la crème et du beurre ?","La vache","Le mouton","La chèvre","Le lait de vache est souvent transformé en crème et en beurre dans de nombreuses fermes."
"Quel animal est capable de voir derrière lui sans bouger la tête ?","Le cheval","Le chien","Le chat","Les chevaux ont un large champ de vision qui leur permet de voir presque à 360 degrés autour d'eux."
"Quel animal peut marcher immédiatement après sa naissance ?","Le poulain","Le chat","Le porcelet","Les poulains peuvent se lever et marcher peu de temps après leur naissance pour suivre leur mère."
"Comment appelle-t-on le mâle de la cane ?","Le canard","Le poulet","Le mouton","Le canard aime nager et peut également voler."
"Quel animal est connu pour rester immobile quand il est effrayé ?","Le lapin","Le furet","Le chat","Les lapins peuvent rester parfaitement immobiles pour se camoufler et éviter d'être détectés par les prédateurs."
"Quel animal est connu pour son instinct de protection envers les jeunes animaux ?","Le chien","La poule","Le cochon","Les chiens de berger non seulement guident les troupeaux, mais protègent aussi activement les jeunes animaux."
"Quel animal est connu pour voler bas et rapidement ?","Les canards","Les poules","Les pigeons","Les canards sont capables de voler, mais ils volent généralement bas et sur de courtes distances."
"Quel animal est le meilleur nageur ?","Le canard","Le chien","Le mouton","Les canards sont adaptés à la vie aquatique avec leurs pattes palmées."
"Comment appelle-t-on le mâle de la brebis ?","Le bélier","Le bouc","Le coq","Le bélier a de grandes cornes recourbées."
"Quel animal est le meilleur pour détecter les changements de temps ?","Le coq","Le chien","Le lapin","Le coq est souvent considéré comme un baromètre naturel, réagissant aux changements de temps avec son comportement."
"Quel animal fait un son strident lorsqu'il est alarmé ?","Le paon","Le chien","Le chat","Le cri du paon est très fort et peut être entendu de loin, souvent utilisé comme un signal d'alarme."
"Quel animal peut avoir une barbiche sous le menton ?","La chèvre","Le mouton","Le lapin","Certaines chèvres ont une barbiche, une touffe de poils qui pend sous leur menton, ce qui est typique de plusieurs races."
"Quel animal peut être élevé pour son pelage exceptionnellement doux ?","Le lapin","Le chat","Le mouton","Le lapin angora est célèbre pour son pelage doux, souvent utilisé dans la fabrication de vêtements de luxe."
"Quel animal bourdonne et aide à la pollinisation des plantes ?","Les abeilles","Les papillons","Les moustiques","Les abeilles jouent un rôle crucial dans la pollinisation des plantes, ce qui aide à la production de fruits et légumes."
"Comment appelle-t-on le père du poulain ?","Le cheval","Le chien","Le lapin","Le cheval est un animal grand et puissant souvent utilisé en ferme."
"Quel animal peut rester sous l'eau pendant plusieurs minutes ?","Le canard","La poule","Le pigeon","Les canards peuvent plonger et rester sous l'eau pendant une période pour chercher de la nourriture."
"Quel animal aime manger les souris ?","Le chat","Le chien","Le bouc","Le chat est un excellent chasseur qui aide à garder les rongeurs loin des récoltes."
"Quel animal est connu pour aider à contrôler les insectes ?","Les poules","Le chien","Le mouton","Les poules picorent le sol à la recherche d'insectes, ce qui aide à réduire les nuisibles naturellement."
"Comment appelle-t-on le mâle de l'ânesse ?","L'âne","Le taureau","Le coq","L'âne est connu pour sa patience et sa capacité de portage."
"Quel animal est connu pour être un animal de compagnie ainsi qu'un aide fermier ?","Le chien","Le mouton","Le cochon","Le chien aide à protéger la ferme et est aussi un fidèle compagnon."
"Quel animal glougloute ?","Le dindon","Le pigeon","Le lapin","Lorsque le dindon fait un son distinctif ""glou-glou"", surtout en période de reproduction. On dit qu'il glougloute"
"Quel animal est le plus capable de survivre à des températures très froides ?","Le mouton","Le lapin","La poule","La laine du mouton lui fournit une isolation naturelle contre le froid."
"Quel animal est le plus grand animal ?","Le cheval","La vache","Le mouton","Les chevaux sont parmi les plus grands animaux généralement présents dans une ferme."
"Comment appelle-t-on le père du porcelet ?","Le cochon","La chèvre","Le mouton","Le cochon est omnivore et peut être élevé pour sa viande."
"Quel animal fait ""coin-coin"" ?","Le canard","La chèvre","Le pigeon","Les canards aiment nager dans l'eau."
"Quel animal piaille ou pépie parmi ces animaux ?","Le poussin","Le pigeon","Le coq","Les poussins font des petits cui-cui, on dit qu'ils piaillent ou pépient,"
"Quel animal fait ""miaou"" ?","Le chat","La chèvre","Le pigeon","Les chats aident à contrôler les souris à la ferme."
"Comment appelle-t-on le mâle de la lapine ?","Le lapin","Le poulet","Le cheval","Le lapin est petit et rapide, et il creuse des terriers."
"Quel animal garde la ferme la nuit ?","Le chien","Le mouton","Le taureau","Les chiens de garde sont entraînés pour protéger la ferme contre les intrus ou les animaux sauvages."
"Quel animal peut tirer des charrettes ?","Le bœuf","Le chien","Le lapin","Le bœuf est souvent utilisé dans les travaux agricoles pour tirer des charges lourdes."
"Quel animal peut faire du bruit avec son bec ?","Le canard","Le pigeon","La poule","Les canards utilisent leur bec pour faire des sons distincts, surtout lorsqu'ils communiquent entre eux."
"Comment appelle-t-on le père de l'agneau ?","Le mouton","La chèvre","Le cheval","Le mouton est souvent élevé pour sa laine et sa viande."
"Quel animal de ces animaux est élevé pour pondre des œufs ?","La poule","Le coq","Le pigeon","Les poules sont élevées pour leur production d'œuf. Les œufs de poule peuvent être mangés au petit déjeuner."
"Quel animal peut aider à chasser les lièvres ou les lapins ?","Le furet","Le coq","Le chat","Les furets étaient utilisés pour chasser les rongeurs, rats et souris. Il a ensuite été remplacé par le chat dans ce rôle, mais les chasseurs l'ont alors employé pour débusquer les lapins de leur terrier."
"Comment appelle-t-on le mâle de la truie ?","Le verrat","Le bélier","Le bouc","Le verrat est le mâle reproducteur chez les cochons."
"Quel animal a un cou particulièrement long ?","Le cygnes","Le pigeon","Le canard","Les cygnes sont connus pour leurs longs cous gracieux, ce qui les aide à atteindre la nourriture dans l'eau."
"Comment appelle-t-on le père du caneton ?","Le canard","Le poulet","La chèvre","Le canard est très à l'aise dans l'eau dès les premiers jours."
"Comment appelle-t-on la mère du veau ?","La vache","Le cheval","Le mouton","La vache est largement utilisée pour sa viande et son lait."
"Comment appelle-t-on le père du lapereau ?","Le lapin","Le chien","Le chat","Le lapin est un animal doux qui peut être élevé comme un animal de compagnie."
"Comment appelle-t-on le père du chaton ?","Le chat","Le chien","Le lapin","Le chat est utile à la ferme pour chasser les souris et les rats."